"Tipo del piso	"	"m2	"	"Dormitorios	"	"Baños	"	"€/m2	"	"Precio	"	"Enlace Web	"
"piso	"	"280	"	"5	"	"6	"	"14642	"	"4.1M	"	"http://rd.nestoria.es/rd?itype=2&l=VZeJYRtbatcRcUNtks&s=&url=2-ePz73aTBU4LVGFByDI464Ner8aIMqOqmnnO6u50s2qDemu-cfN_G5rapMAbDMkMIxp0Zsli8WefUu6sPU8-oGyp-pRtGghvDYlPNVF5qMefg11bkCYzKZwBlYrKuUnoqgEDyvQAR0gWjNjxd9iD0al148wKJ88nP_rnAk6NvD3WFiDM3WnOdZ3h8OAUhKQWPRrLNDWbGQ-WZ_zvEqc9i13uu3t2Jc1ZGJZPUdP5SttTOgLTeIjJP4ee8rfsoTV5QPPbnqUOaS29_0fHf8ludEVCPFbNUlVJv5Gasu4RtpWXUaynoNU4pRUxiS7rcDJ_GwA4MxpcLkjHaZGNcOwOCoJUjg4ij0f4eV39XhnVmieZYxX6iPVOyVYZfuYF2puFY5Ns0g45kbFU9ql-Y08b2J18yZhoYrn4jA8wB9RfVGK0%3D&v=2	"
"piso	"	"314	"	"6	"	"4	"	"11353	"	"3.6M	"	"http://rd.nestoria.es/rd?itype=2&l=WceWle6on6pepha6x3&s=&url=2-ePz73aTBU4LVGFByDI454Ner8aIMqOqmnnO6u50s2qDemu-cfN_G5rapMAbDMkMIxp0Zsli8WefUu6sPU8-oGyp-pRpPih7DYlPNVF5rMOjg11bkCYzKZwBlYrKuUnoqgEDyvQcV1ACjNjxd9iD0al148wKJ88nP_rnAk6BvD3WFiDM3WnOdZ3h8OQwlKQWPRrLNDWbGQ-WZ_zvEqMhg3nWl3t6JcVRNJJLddP5SttTOgLTeIjJP4ee8rfsoTV5QPPbnqUOaS29_0fHf8ludEVCPFbNUlUNy_mru848u6mbHei_hNk8mCwplSKLMC5HP-mILyZUDkjDcZGBTNA2J6pQ6saS_y_kPUScEjWNhkvtDzTnxPEqAZ45etJ1u9r1e8cw2hYtvcQFuq0aq78T6Ok46aBNL_XU1BNcc7h-WRw%3D%3D&v=2	"
"piso	"	"120	"	"2	"	"3	"	"17500	"	"2.1M	"	"http://rd.nestoria.es/rd?itype=2&l=UYe-NGiQPiRGRJCie&s=&url=2-ePz73aTBU4LVGFByDI494Ner8aIMqOqmnnO6u50s2qDemu-cfN_G5rapMAbDMkMIxp0Zsli8WefUu6sPU8-oGyp-pRpOgBrDYlPNVF5rN-7g11bkCYzKZwBlYrKuUnoqgEDyvQYR0gWjNjxd9iD0al148wKJ88nP_rnAk6RvD3WFiDM3WnOdZ3h8Ow8hKQWPRrLNDWbGQ-WZ_zvEqc9i13uu3t2Jcl5KKZ7WdP5SttTOgLTeIjJP4ee8rfsoTV5QPPbnqUOaS29_0fHf8ludEVCPFbNUlVJv5Gasu4RtpWXUaynoNU4pRUxiS7rcDJ_GwA4MxpcLkjHaZGNcOQCOoJUjg4ij0f4eV39XhnVmieZYxX6iPVOyVYZfuYF2puFY5Ns0g45kbFU9ql-Y08b2J18yZhoYrn4jA8wB9RfVGK0%3D&v=2	"
"piso	"	"110	"	"1	"	"1	"	"16363	"	"1.8M	"	"http://rd.nestoria.es/rd?itype=2&l=WaeUjc4ml4ncnfY4v&s=&url=2-ePz73aTBU4LVGFByDI4-4Ner8aIMqOqmnnO6u50s2qDemu-cfN_G5rapMAbDMkMIxp0Zsli8WefUu6sPU8-oGyp-pRpOixHDYlPNVF5rM-zg11bkCYzKZwBlYrKuUnoqgEDyvQUY0gWjNjxd9iD0al148wKJ88nP_rnAk6dvD3WFiDM3WnOdZ3h8OwwhKQWPRrLNDWbGQ-WZ_zvEq8pn23es3t6DeVNJIZPVdP5SttTOgLTeIjJP4ee8rfsoTV5QPPbnqUOaS29_0fHf8ludEVCPFbNUlUNy_mru848u6mbHei_hNk8mCwplSKLMC5HP-mQIwJEDkjDdZWBQOwyJ6pQ6saS_y_kPUScEjWNhkvtDzTnxPEqAZ45etJ1u9r1e8cw2hYtvcQFuq0aq78T6Ok46aBNL_XU1BNcc7h-WRw%3D%3D&v=2	"
"piso	"	"138	"	"2	"	"2	"	"13043	"	"1.8M	"	"http://rd.nestoria.es/rd?itype=2&l=UWe8LEgONgPEPHAgXe&s=&url=2-ePz73aTBU4LVGFByDI494Ner8aIMqOqmnnO6u50s2qDemu-cfN_G5rapMAbDMkMIxp0Zsli8WefUu6sPU8-oGyp-pRpPixvDYlPNVF5qN-rg11bkCYzKZwBlYrKuUnoqgEDyvQUY0gWjNjxd9iD0al148wKJ88nP_rnAk6RvD3WFiDM3WnOdZ3h8Ow4pKQWPRrLNDWbGQ-WZ_zvEq8pn23es3t2JcVNPJJ_UdP5SttTOgLTeIjJP4ee8rfsoTV5QPPbnqUOaS29_0fHf8ludEVCPFbNUlUNy_mru848u6mbHei_hNk8mCwplSKLMC5HP-mQIwJEDkjDdYGNROA2J6pQ6saS_y_kPUScEjWNhkvtDzTnxPEqAZ45etJ1u9r1e8cw2hYtvcQFuq0aq78T6Ok46aBNL_XU1BNcc7h-WRw%3D%3D&v=2	"
"piso	"	"260	"	"6	"	"3	"	"5769	"	"1.5M	"	"http://rd.nestoria.es/rd?itype=2&l=XVeZoh9rq9shskd916&s=&url=2-ePz73aTBU4LVGFByDI454Ner8aIMqOqmnnO6u50s2qDemu-cfN_G5rGpMAbDMkMIxp0Zsli8WefUu6sPU8-oGyp-pRtHihvDYlPNVF5rN-_g11bkCYzKZwBlYrKuUnoqgEDyvQUV0gWjNjxd9iD0al148wKJ88nP_rnAk6BvD3WFiDM3WnOdZ3h8OAshKQWPRrLNDWbGQ-Wa9DvEqclj2nGr3t2BdlNPKZXVdP5SttTOgLTeIjJP4ee8rfsoTV5INOfhrgyaSGsxnP3d7wafDFXQF7tV1x537Fqn5IR36VjRfBXoMFkmSRNnQPqdWs6blGQIxpVskzTfamFUIwvD640InbilzOgJCXQPm2R6j-BLimrwJXiyb49TqIU-qrtL5s4wgIByJVJvsnSW7cjnK0Y0YUAeoSRrBt0A8x-ST6SBDT7ZCMlbX5oienukJ0o79YryoVvKTN3ArBOg-xY%3D&v=2	"
"piso	"	"123	"	"2	"	"2	"	"11951	"	"1.5M	"	"http://rd.nestoria.es/rd?itype=2&l=XVeZoh9rq9shskd96&s=&url=2-ePz73aTBU4LVGFByDI494Ner8aIMqOqmnnO6u50s2qDemu-cfN_G5rKpMAbDMkMIxp0Zsli8WefUu6sPU8-oGyp-pRtHgB3DYlPNVF5kM-_g11bkCYzKZwBlYrKuUnoqgEDyvQUU1QWjNjxd9iD0al148wKJ88nP_rnAk6RvD3WFiDM3WnOdZ3h8Ow8iKQWPRrLNDWbGQ-WZ9jvEqc5h2XOk3t2IcFFHJpXSdP5SttTOgLTeIjJP4ee8rfsoTV5INOfhrgyaSGsxnP3d7wafDBKeE7tF1x537Fqn5IR36VjRfBXoMFkmSRNnQOeRWcyaiGQOwZMHlDnSYGRXUwWGrtdn3vjvy_8Ba2kFnWJ2mLREyWzwJ1W2a81PqYVcprld6tw82Y5ncUJ8vk-a_oPiPkIMbBwb43EvF9ZT9xfHVaPBJDjYEtwYRJpyS3e5JF8yto69vk_KUt3ar1Cx&v=2	"
"piso	"	"220	"	"4	"	"3	"	"5909	"	"1.3M	"	"http://rd.nestoria.es/rd?itype=2&l=XVeZoh9rq9shskd97&s=&url=2-ePz73aTBU4LVGFByDI474Ner8aIMqOqmnnO6u50s2qDdmu-cfN_G5rapMAbDMkMIxp0Zsli8WOfUu6sPU8-oGyp-pRpPih7DYlPNVF5rMOjg11bkCYzKZwBlYrKwRWQWhxeh81AC2AS_JHwD-W_UHTV47hPLrJaSvbecndMUbWeLhmMrXGSLZ3h8PhMhdBWBGe2GBGDGQ-Wa9SaYr9gow2DvkMqLYldGPJbQY-ZJ8Z6PlLbNeHUKpeqxrq4qSBwaZ7bmqVaJHSkxiOXHsRyfHFSLBrFK0VI17mquuYJs5XfHeDigPVQ3SAZzCLLHRJ_L1zJbncxdwy6CPDwRaVba-r9m2OPnjrtdAyxb3CAiwvxewUD3J1KtaY4Hs41wv7NL6sh3kZttXEp-u0KA4Zj2LV02aBwS_GJgBcwD2B3VV6CNOzrYW9NbQppwZn23aFY%3D&v=2	"
"Piso	"	"201	"	"5	"	"2	"	"5472	"	"1.1M	"	"http://www.idealista.com/30306843	"
"Piso	"	"80	"	"1	"	"1	"	"13125	"	"1.1M	"	"http://www.idealista.com/30215349	"
"DÃºplex	"	"175	"	"3	"	"3	"	"6000	"	"1.1M	"	"http://www.idealista.com/28982419	"
"piso	"	"260	"	"5	"	"2	"	"3842	"	"999m	"	"http://rd.nestoria.es/rd?itype=2&l=UVe7KDfNMfODOG.fXX&s=&url=2-ePz73aTBU4LVGFByDI464Ner8aIMqOqmnnO6u50s2qDemu-ce9_G5rapMAbDMkMIxp0Zsli8WOfUu6sPU8-oGyp-pRpPih_DYlPNVF5rNubg11bkCYzKZwBlYrKuUnoqgEDyvQ0Z2wWjNiAXvEnkbS12_VKU88vRr6HYhLhxD2eLhmItSWzaf2BsPA18dhXQF7ycHSfeW_aQ6ifAqctl23Wxxt2IcF5PKJbGevAFscqAmKyUPjJLq_K89fsoFBhZP_36vEGVTmcwnP3dsBeRE02NBqALyFpo4iim-Mxh6XXWfCbiN0BoTQ1mULLLBZj1lmYIxZMDkzDSZGNWOwvD640InbilzOgJCXQPm2R6j-BLimrwJXiyb49TqIU-qrtL5s4wgIByJVJvsnSW7cjnK0Y0YUAY9mMyH8oH5lzJ&v=2	"
"Piso	"	"172	"	"4	"	"2	"	"5232	"	"900m	"	"http://www.idealista.com/30463995	"
"Piso	"	"172	"	"3	"	"2	"	"5232	"	"900m	"	"http://www.idealista.com/30005823	"
"Piso	"	"170	"	"3	"	"2	"	"5158	"	"877m	"	"http://www.idealista.com/28982416	"
"Piso	"	"125	"	"3	"	"2	"	"6200	"	"775m	"	"http://www.idealista.com/28466591	"
"piso	"	"	"	"	"	"	"	"	"	"735m	"	"http://rd.nestoria.es/rd?itype=2&l=UXe9MFhPOhQFQIBhZb&s=&url=2-ePz73aTBU4LVGFByDI464Ner8aIMqOqmnnO6u50s2qDemu-cet_G5rWpMAbDMkMIxp0Zsli8WefUu6sPU8-oGyp-pRtHhhDDYlPNVF5qMezg11bkCYzKZwBlYrKuUnoqgEDyvQMT1wWjNiAXvEnkbS12_VKU88vRr6HYhLhxD2eLhmItSWzaf2BsOQh8dhXQF7ycHSfeW_aQ6ifBqM5t2HaxxtGFeFJPKZPGevAFscqAmKyUPjJLq_K89fsoFBhZP_36vEGVTmcwnP3dsBeRE02NBqALyFpo4iim-Mxh6XXWfCbiN0BoTQ1mULLLBZj1kGMGwZMClDXYYmlUM0HC8r8kgaKi3e5RWn8ZnH9nlOgM2WvpF0q6boJPsNVirK5c5Mg1i50mdlN2gEiU4dX2I0g9MhMT4GQpAtEPpQM%3D&v=2	"
"Piso	"	"118	"	"2	"	"2	"	"5508	"	"650m	"	"http://www.idealista.com/28542213	"
"Piso	"	"94	"	"3	"	"2	"	"6457	"	"607m	"	"http://www.idealista.com/25993980	"
"piso	"	"135	"	"3	"	"2	"	"4259	"	"575m	"	"http://rd.nestoria.es/rd?itype=2&l=VVeFUNpXWpYNYQJphi&s=&url=2-ePz73aTBU4LVGFByDI484Ner8aIMqOqmnnO6u50s2qDemu-cet_G5rapMAbDMkMIxp0Zsli8WOfUu6sPU8-oGyp-pRpPih7DYlPNVF5kM-7g11bkCYzKZwBlYrKuUnoqgEDyvQEX1wWjNiAXvEnkbS12_VKU88vRr6HYgrhxD2eLhmItSWzaf2BvOQh8dhXQF7ycHSfeW_aQ6ifDrcph2HuxxtyHeFFPJJXGevAFscqAmKyUPjJLq_K89fsoFBhZP_36vEGVTmcwnP3dsBeRE02NBqALyFpo4iim-Mxh6XXWfCbiN0BoTQ1mULLLBZj1kGQPxZMDkzTcZmFdOAvD640InbilzOgJCXQPm2R6j-BLimrwJXiyb49TqIU-qrtL5s4wgIByJVJvsnSW7cjnK0Y0YUAY9mMyH8oH5lzJ&v=2	"
"piso	"	"95	"	"3	"	"2	"	"4631	"	"440m	"	"http://rd.nestoria.es/rd?itype=2&l=VaeKZSucbudSdVOun&s=&url=2-ePz73aTBU4LVGFByDI484Ner8aIMqOqmnnO6u50s2qDemu-ced_G5rapMAbDMkMIxp0Zsli8WefUu6sPU8-oGyp-pRpOhBDDYlPNVF5rNubg11bkCYzKZwBlYrKuUnoqgEDyvQAU0gWjNiAXvEnkbS12_VKU88vRr6HYgrhxD2eLhmItSWzaf2BnP1AjZkqBGe2MXD_GSP-F8yfCpMptwnetxdmCdVFLM4vGI6Ac4ZyAyvqIOnwUvqrk9aI3WxJRKfXtsUuYCWVxkr3T8BmODFyNSqJK2V1v7Fqh94tipWLbNCjsK0IiSAxlRPjAB5DfwDNSlPwGmjfbYmBQNQyOp9Fom6O94fgDQWgJjS17mPpew23tKQGqfoZlsI1noqlUvsg2lopnYkN0rQ2A-MjIKU4-fxwf9H57Ht0d8xHGU7HOLw%3D%3D&v=2	"
"piso	"	"105	"	"3	"	"1	"	"3800	"	"399m	"	"http://rd.nestoria.es/rd?itype=2&l=WceWle6on6pepha65&s=&url=2-ePz73aTBU4LVGFByDI484Ner8aIMqOqmnnO6u50s2qDemu-ced_G5rapMAbDMkMIxp0Zsli8WefUu6sPU8-oGyp-pRtHihDDYlPNVF5qMujg11bkCYzKZwBlYrKuUnoqgEDyvQcZ2wWjNiAXvEnkbS12_VKU88vRr6HYgrhxD2eLhmItSWzaf2BvOgh8dhXQF7ycHSfeW_aQ6ifBrMxm2HKxx92BclJGJpXGevAFscqAmKyUPjJLq_K89fsoFBhZP_36vEGVTmcwnP3dsBeRE02NBqAL3EZr4WC7u4RtpWXUaynoNU4pRUxiS7rcDJ_GwA4PyJAHkjHaYWRVNQWEoJUjg4ij0f4eV39XhnVmieZYxX6iPVOyVYZfuYF2puFY5Ns0g45kbFU9ql-Y08b2J18yZhoYrn4jA8wB9RfVGK0%3D&v=2	"
"piso	"	"105	"	"2	"	"1	"	"3761	"	"395m	"	"http://rd.nestoria.es/rd?itype=2&l=VWeGVOqYXqZOZRKqhk&s=&url=2-ePz73aTBU4LVGFByDI494Ner8aIMqOqmnnO6u50s2qDemu-ced_G5rapMAbDMkMIxp0Zsli8WefUu6sPU8-oGyp-pRpPhRzDYlPNVF5rMuvg11bkCYzKZwBlYrKuUnoqgEDyvQcZ1wWjNiAXvEnkbS12_VKU88vRr6HYg7hxD2eLhmItSWzaf2BvOgh8dhXQF7ycHSfeW_aQ6ifApMpk23qxxNiJcVNKJZ_GevAFscqAmKyUPjJLq_K89fsoFBhZP_36vEGVTmcwnP3dsBeRE02NBqALyFpo4iim-Mxh6XXWfCbiN0BoTQ1mULLLBZj1nWQLwZMCmjXSYGlWM0HC8r8kgaKi3e5RWn8ZnH9nlOgM2WvpF0q6boJPsNVirK5c5Mg1i50mdlN2gEiU4dX2I0g9MhMT4GQpAtEPpQM%3D&v=2	"
"piso	"	"85	"	"3	"	"2	"	"4517	"	"384m	"	"http://rd.nestoria.es/rd?itype=2&l=WdeXmf7po7qfqib71&s=&url=2-ePz73aTBU4LVGFByDI484Ner8aIMqOqmnnO6u50s2qDdmu-ced_G5rapMAbDMkMIxp0Zsli8WefUu6sPU8-oGyp-pRtHgxvDYlPNVF5rOuvg11bkCYzKZwBlYrKwRWQWhxeh81AC2AS_JHwD-W_UHTV47BjPrJaSof3W9MMTHWmF1n4rXnraf2BtJA0hZhuPSPeVGyfeW_-dqiTX4NZ3nCG-ycqAeEtPJJTSZ-VB7pCVlbfIcnMCs_Gx9_4zGEoaNeD6rRjWCHFpiLzY_haXClycC7tHllB04Cqg-Yxz-mbHNDrkKk5qQQ0mR7bbCpjGyj9f3spdz3SOMD0BUwKFqNdn3uXjjbtZAy9VnWR4ovpF2W3nLRqxb5hOsppqqvpM98QOiYpkalJ24kqS_sDwK0s8fVsD530ZE9kD9x_dXb7RPDjFEtJMWI89aQ%3D%3D&v=2	"
"piso	"	"90	"	"2	"	"2	"	"3888	"	"350m	"	"http://rd.nestoria.es/rd?itype=2&l=UVe7KDfNMfODOG.fWV&s=&url=2-ePz73aTBU4LVGFByDI494Ner8aIMqOqmnnO6u50s2qDemu-ced_G5rapMAbDMkMIxp0Zsli8WefUu6sPU8-oGyp-pRpOhhzDYlPNVF5rNOrg11bkCYzKZwBlYrKuUnoqgEDyvQcV0gWjNiAXvEnkbS12_VKU88vRr6HYg7hxD2eLhmItSWzaf2BnOlAjZkqBGe2MXD_GSP-F9iPDqMtl3W-qwtiJcFVLIYXIdKcCr4SYgOaIPjYBvvLk9ftxUhFaNODvvk6QRih9kP-f_BuTDk-eFf9W0UB0oGCtu4Ni-mTQdSXjOA4uSg5-QLXFDKKelGYMwZMClDTdY2VUM0HC8r8kgaKi3e5RWn8ZnH9nlOgM2WvpF0q6boJPsNVirK5c5Mg1i50mdlN2gEiU4dX2I0g9MhMT4GQpAtEPpQM%3D&v=2	"
"piso	"	"90	"	"3	"	"1	"	"3555	"	"320m	"	"http://rd.nestoria.es/rd?itype=2&l=WceWle6on6pepha6xx&s=&url=2-ePz73aTBU4LVGFByDI484Ner8aIMqOqmnnO6u50s2qDemu-ced_G5rapMAbDMkMIxp0Zsli8WefUu6sPU8-oGyp-pRpOgxDDYlPNVF5qN-zg11bkCYzKZwBlYrKuUnoqgEDyvQcS0gWjNiAXvEnkbS12_VKU88vRr6HYgrhxD2eLhmItSWzaf2BnOlAjZkqBGe2MXD_GSP-F9iLFrs1l3G-qy9qBd1VNI4XIdKcCr4SYgOaIPjYBvvLk9ftxUhFaNODvvk6QRih9kP-f_BuTDk-eFf9W0UB0oGCtu4Ni-mTQdSXjOA4uSg5-QLXFDKKflGYOwZIElDPcYmdbeUDbwJM4m6Wz27YCUWkeh2J8nK9f2HLbJUK7Y55X4Ilkuble4s0-lsl1d0pEvEqY_MT-LUFuYRgF5380GdlM-g%3D%3D&v=2	"
"piso	"	"38	"	"1	"	"1	"	"4078	"	"155m	"	"http://rd.nestoria.es/rd?itype=2&l=VXeHWPrZYraPaSLrm&s=&url=2-ePz73aTBU4LVGFByDI4-4Ner8aIMqOqmnnO6u50s2qDemu-ceN_G5rapMAbDMkMIxp0Zsli8WefUu6sPU8-oGyp-pRpOhBDDYlPNVF5qMujg11bkCYzKZwBlYrKuUnoqgEDyvQUV1wWjNiAXvEnkbS12_VKU88vRr6HYgLhxD2eLhmItSWzaf2BtMlAjZkqBGe2MXD_GSP-F9iDErspn32-qxt2HclFJKYXIdKcCr4SYgOaIPjYBvvLk9ftxUhFaNODvvk6QRih9kP-f_BuTDk-eFf9HyFJp-WSu84935yrQd2fvOFMkQQ9kS7aGAJPH0DRcncZskDncamFUPQOEq9di2eilyuYzR3UfmnNwwOdP32vrOk6-LJ5OsLdurrhQ9sRshYhyZkB6u0SHqtDjJ3AwbhAG8nkhHoUA4g3AVaKFM3_L&v=2	"
"piso	"	"73	"	"3	"	"1	"	"2121	"	"154m	"	"http://rd.nestoria.es/rd?itype=2&l=UXe9MFhPOhQFQIBhYa&s=&url=2-ePz73aTBU4LVGFByDI484Ner8aIMqOqmnnO6u50s2qDemu-ceN_G5rapMAbDMkMIxp0Zsli8WefUu6sPU8-oGyp-pRpOixrDYlPNVF5rOu3g11bkCYzKZwBlYrKuUnoqgEDyvQUV1gyjNiAXvEnkbS12_VKU88vRr6HYgrhxD2eLhmItSWzaf2BpOVAjZkqBGe2MXD_GSP-F9iHHrsxj3G-qytuFdVNGKIXIdKcCr4SYgOaIPjYBvvLk9ftxUhFaNODvvk6QRih9kP-f_BuTDk-eFf9W0UB0oGCtu4Ni-mTQdSXjOA4uSg5-QLXFDKKbkGgMwZMCkTnSZGhdM0HC8r8kgaKi3e5RWn8ZnH9nlOgM2WvpF0q6boJPsNVirK5c5Mg1i50mdlN2gEiU4dX2I0g9MhMT4GQpAtEPpQM%3D&v=2	"
"piso	"	"78	"	"3	"	"1	"	"1643	"	"128m	"	"http://rd.nestoria.es/rd?itype=2&l=VWeGVOqYXqZOZRKqhi&s=&url=2-ePz73aTBU4LVGFByDI484Ner8aIMqOqmnnO6u50s2qDemu-ceN_G5rapMAbDMkMIxp0Zsli8WefUu6sPU8-oGyp-pRpOixrDYlPNVF5rOu_g11bkCYzKZwBlYrKuUnoqgEDyvQUS2gejNiAXvEnkbS12_VKU88vRr6HYgrhxD2eLhmItSWzaf2BpMlAjZkqBGe2MXD_GSP-F9iHHrsxj3G-qytuFdVBNJIXIdKcCr4SYgOaIPjYBvvLk9ftxUhFaNODvvk6QRih9kP-f_BuTDk-eFf9W0UB0oGCtu4Zx6WnadSboK1JoTQ1mULLLBZj1lGQHw5MDkzLTa2ZQNQvD640InbilzOgJCXQPm2R6j-BLimrwJXiyb49TqIU-qrtL5s4wgIByJVJvsnSW7cjnK0Y0YUAY9mMyH8oH5lzJ&v=2	"
"piso	"	"103	"	"4	"	"1	"	"1194	"	"123m	"	"http://rd.nestoria.es/rd?itype=2&l=WaeUjc4ml4ncnfY4vz&s=&url=2-ePz73aTBU4LVGFByDI474Ner8aIMqOqmnnO6u50s2qDemu-ceN_G5rapMAbDMkMIxp0Zsli8WefUu6sPU8-oGyp-pRpOixrDYlPNVF5rOu3g11bkCYzKZwBlYrKuUnoqgEDyvQUS0QWjNiAXvEnkbS12_VKU88vRr6HYhbhxD2eLhmItSWzaf2BvOg58dhXQF7ycHSfeW_aQ6ifCr8li13OxxtCBc1RHKZbGevAFscqAmKyUPjJLq_K89fsoFBhZP_36vEGVTmcwnP3dsBeRE02NBqALyFpo4iim-Mx37XXHeDn-OA4uSg5-QLXFDKKelGgLwZMDkjDdamhTM0HC8r8kgaKi3e5RWn8ZnH9nlOgM2WvpF0q6boJPsNVirK5c5Mg1i50mdlN2gEiU4dX2I0g9MhMT4GQpAtEPpQM%3D&v=2	"
"piso	"	"92	"	"4	"	"1	"	"1221	"	"112m	"	"http://rd.nestoria.es/rd?itype=2&l=UbeBQJlTSlUJUMFldg&s=&url=2-ePz73aTBU4LVGFByDI474Ner8aIMqOqmnnO6u50s2qDemu-ceN_G5rapMAbDMkMIxp0Zsli8WefUu6sPU8-oGyp-pRpOixrDYlPNVF5rOu3g11bkCYzKZwBlYrKuUnoqgEDyvQUR0AGjNiAXvEnkbS12_VKU88vRr6HYhbhxD2eLhmItSWzaf2BnOFAjZkqBGe2MXD_GSP-F9iHHrs1t3m-rw96DeFFIKYXIdKcCr4SYgOaIPjYBvvLk9ftxUhFaNODvvk6QRih9kP-f_BuTDk-eFf9W0UB0oGCtu4xs5nPaayToKn4jQQ9UU7bFBZjZijhQnNZWwG2ODWVVNQGGr9Bn2uXojL1TQW4Ht2N6iPtJySLqLVSrZZlTvM52v7Fm7sw1jZptPkZ8rU6S7cH4OAkmexAp8HErANkH4BCJVLWfJjLED9wcTA%3D%3D&v=2	"
"piso	"	"91	"	"3	"	"1	"	"1098	"	"100m	"	"http://rd.nestoria.es/rd?itype=2&l=VdeNcVxfexgVgYRxot&s=&url=2-ePz73aTBU4LVGFByDI484Ner8aIMqOqmnnO6u50s2qDemu-ceN_G5rapMAbDMkMIxp0Zsli8WefUu6sPU8-oGyp-pRpOixrDYlPNVF5rOu3g11bkCYzKZwBlYrKuUnoqgEDyvQUQ0gWjNiAXvEnkbS12_VKU88vRr6HYgrhxD2eLhmItSWzaf2BnO1AjZkqBGe2MXD_GSP-F9iHHrs1t3m-rw96DeFBJJYXIdKcCr4SYgOaIPjYBvvLk9ftxUhFaNODvvk6QRih9kP-f_BuTDk-eFf9W0UB0oGCtu5Ji6mbRfCbhdkgpSRZuR7vMNsmbnGQOwZMDljPcYGJbeUDbwJM4m6Wz27YCUWkeh2J8nK9f2HLbJUK7Y55X4Ilkuble4s0-lsl1d0pEvEqY_MT-LUFuYRgF5380GdlM-g%3D%3D&v=2	"
"piso	"	"76	"	"3	"	"1	"	"1144	"	"87m	"	"http://rd.nestoria.es/rd?itype=2&l=UXe9MFhPOhQFQIBhZX&s=&url=2-ePz73aTBU4LVGFByDI484Ner8aIMqOqmnnO6u50s2qDemu-ceN_G5rapMAbDMkMIxp0Zsli8WOfUu6sPU8-oGyp-pRpOixrDYlPNVF5rOu3g11bkCYzKZwBlYrKuUnoqgEDyvQwX0gWjKmpd1VnjHSN4rU-U8dWAt7nJn6ZxHWmF13g-VivCZ3VoZw8zORuPSP3NRCfVQeqZ8CTGqsJkwnWsxdqJd1FHM4vGI6Ac4ZyAyvqIOnwUvqrk9aI3WxJRKfXtsUuYCWVxkr3T8BmODFyNSqJPy1w26Gvu-4Bt-mLGeGXkN0wyQQFnQIidWMSflWEOwZcBmjLTbSQQYWvF8JUljbLt0O4fQHUYgXEziP1H83LhLE6qZ9ZbuppmrL1d7Nt3kZttXER6sluU5cL5d0E2fAkZ4XknUsU%3D&v=2	"
"piso	"	"64	"	"2	"	"1	"	"1289	"	"82m	"	"http://rd.nestoria.es/rd?itype=2&l=VZeJYRtbatcRcUNtl&s=&url=2-ePz73aTBU4LVGFByDI494Ner8aIMqOqmnnO6u50s2qDemu-ceN_G5rWpMAbDMkMIxp0Zsli8WefUu6sPU8-oGyp-pRtHhhrDYlPNVF5rMe_g11bkCYzKZwBlYrKuUnoqgEDyvQwS1wWjKmpd1VnjHSN4rU-U8dWAt7nIn6ZxHWmF13g-VivCZ3RqZw8zORuPSP3NRCfVSOqZ8iDArMNtwnSlw9qGdFNIM4vGI6Ac4ZyAyvqIOnwUvqrk9aIvUwNXLrrtsk_WRGlzj-DR7VuOF06QSqFH1kdE_WCx875n7VjHcCjoKn4kQQ1_V7j2HI_IxD9R3JcLljPda2dWOgWAwNFn1ufgjqRTQW4Ht2N6iPtJySLqLVSrZZlTvM52v7Fm7sw1jZptPkZ8rU6S7cH4OAkmexAp8HErANkH4BCJSrmfPS6bENhQRY85YWC7FUg4to7loEmSUdvdrxOg-xY%3D&v=2	"
"piso	"	"75	"	"3	"	"1	"	"1057	"	"79m	"	"http://rd.nestoria.es/rd?itype=2&l=WbeVkd5nm5odogZ5x1&s=&url=2-ePz73aTBU4LVGFByDI484Ner8aIMqOqmnnO6u50s2qDemu-ceN_G5rapMAbDMkMIxp0Zsli8WefUu6sPU8-oGyp-pRpOixrDYlPNVF5rOu3g11bkCYzKZwBlYrKuUnoqgEDyvQMZ0QWjKmpd1VnjHSN4rU-U8dWAt7nJn6ZxHWmF13g-VivCZ3VrZw8zORuPSP3NRCfVQeqZ8CTGqsJkwnWsxdqJdlNGM4vGI6Ac4ZyAyvqIOnwUvqrk9aI3WxJRKfXtsUuYCWVxkr3T8BmODFyNSqJPy1w26Gvu5YBh6WPQdSaiME8qUQZpSbL2XcyTkGEOwZMHkDbbZG4ReFnp7I8inLS1g-UJR24Fmnl02_xewUDpLUO2f4YHvI9xrrtY58Yjwpp0bnh4vkaF7czwJBI9ag4C_GIvEZoT&v=2	"
"piso	"	"92	"	"4	"	"1	"	"711	"	"65m	"	"http://rd.nestoria.es/rd?itype=2&l=VdeNcVxfexgVgYRxpo&s=&url=2-ePz73aTBU4LVGFByDI474Ner8aIMqOqmnnO6u50s2qDemu-ceN_G5rapMAbDMkMIxp0Zsli8WOfUu6sPU8-oGyp-pRpOixrDYlPNVF5rOu3g11bkCYzKZwBlYrKuUnoqgEDyvQIV1wWjKmpd1VnjHSN4rU-U8dWAt7nOn6ZxHWmF13g-VivCZ3tsZw8zORuPSP3NRCfVQeqZ8CTGqsJkwnekw9uCdVBMM4vGI6Ac4ZyAyvqIOnwUvqrk9aI3WxJRKfXtsUuYCWVxkr3T8BmODFyNSqJPy1w26Gvu-4Bt-mLGeGXkN0wyQQFnQIidWMSflWEOwZIElzbfbSQQYWvF8JUljbLt0O4fQHUYgXEziP1H83LhLE6qZ9ZbuppmrL1d7Nt3kZttXER6sluU5cL5d0E2fAkZ4XknUsU%3D&v=2	"
"	"	"	"	"	"	"	"	"	"	"	"	"Precio Medio:    867.466 Euros  -  5.718 Euros\m2 	"
